PSLSN,Comment
PI32909 ZBT00210,
PI32909 ZBT00212,
PI32909 ZBT00193,
PI32909 YBP00229,
PI32909 YBP00232,
PI32909 YBP00231,
PI32909 ZBT00214,
PI32909 YBP00195,
PI32909 YBP00224,
PI32909 ZBT00211,
PI32909 YBP00221,
PI32909 YBP00169,
PI32909 YBP00183,
PI32909 YBP00186,
PI32909 YBP00163,
PI32909 YBP00173,
PI32909 YBP00187,
PI32909 YBP00206,
PI32909 YBP00233,
PI32883 AX200101,"last repair dealer L330 Geveke/Peps Bv, Netherland"
PI32909 ZBT00208,
PI32909 ZBT00215,
PI32909 ZBT00216,
PI32909 YBP00152,
PI32909 YBP00185,
PI32909 YBP00184,
PI32910 DWJ00615,
PI32910 DWJ00349,
PI32910 DWJ00344,
PI32945 JCG00111,
PI32945 JCG00110,
PI32969 GM200112,
PI32894 E9W00238,
PI32909 YBP00190,
PI32910 DWJ00604,Need Submit SIMS Report 
PI32992 DNR00123,
PI32992 DNR00118,
PI32992 DNR00160,
PI32992 DNR00172,
PI32992 DNR00176,
PI32992 DNR00173,
PI32992 DNR00171,
PI32992 DNR00164,
PI32992 DNR00162,
PI32878 KW401280,
PI32909 YBP00160,Completed
PI32909 YBP00223,Completed
PI32909 YBP00222,Completed
PI32909 YBP00153,
PI32909 ZBT00178,
PI32909 YBP00155,
PI32875 3F600505,
